machine_id,temperature,vibration,pressure,speed,torque,tool_wear,failure
M0001,55.5,1.69,99.79,1523.65,43.8,49.61,0
M0002,63.44,1.07,99.75,1500.54,35.34,14.94,0
M0003,65.9,1.55,102.71,1530.94,35.08,45.29,0
M0004,61.81,1.39,105.66,1483.66,36.21,9.84,0
M0005,92.07,7.32,116.76,1398.26,64.6,78.25,1
M0006,71.59,2.55,104.89,1507.74,44.16,7.29,0
M0007,60.79,1.2,99.86,1460.1,38.61,36.78,0
M0008,62.4,1.52,100.14,1543.67,43.42,35.46,0
M0009,69.58,1.41,101.04,1548.95,43.32,32.85,0
M0010,71.86,2.94,99.83,1453.21,39.1,18.39,0
M0011,73.86,3.19,100.52,1515.54,40.14,50.73,0
M0012,60.3,1.62,102.49,1476.27,42.6,49.89,0
M0013,59.39,3.49,102.08,1459.09,35.61,10.48,0
M0014,70.84,2.06,98.51,1488.16,47.95,31.46,0
M0015,97.22,4.54,116.65,1411.35,58.05,74.34,1
M0016,57.23,2.09,101.63,1545.38,46.39,18.17,0
M0017,58.57,3.28,104.96,1479.84,43.31,35.45,0
M0018,70.25,2.35,104.23,1503.04,35.01,21.21,0
M0019,73.58,3.2,104.65,1480.75,35.75,48.9,0
M0020,81.71,6.2,108.83,1418.45,61.49,69.49,1
M0021,66.0,1.66,104.98,1492.31,37.75,31.96,0
M0022,59.02,1.78,105.96,1514.99,40.7,30.88,0
M0023,59.49,1.85,102.71,1473.01,37.86,8.55,0
M0024,59.58,3.26,104.88,1457.09,38.09,38.45,0
M0025,57.65,3.34,102.57,1497.27,45.2,45.37,0
M0026,56.94,2.08,101.39,1496.7,44.48,38.67,0
M0027,81.97,5.91,112.07,1427.55,53.73,71.66,1
M0028,63.44,1.7,100.0,1542.33,40.76,48.07,0
M0029,56.01,3.5,104.69,1546.9,47.04,47.43,0
M0030,64.71,1.53,101.21,1455.86,39.93,54.27,0
M0031,70.68,2.14,101.38,1545.73,47.94,32.79,0
M0032,58.1,1.74,105.75,1507.92,42.05,42.4,0
M0033,66.68,2.26,104.82,1465.74,47.49,9.01,0
M0034,66.9,2.69,99.88,1461.99,46.57,17.31,0
M0035,67.39,2.05,102.67,1502.28,47.15,15.21,0
M0036,59.77,1.99,103.37,1480.0,39.11,42.59,0
M0037,64.17,3.5,105.97,1457.33,37.77,18.26,0
M0038,97.62,7.58,112.43,1364.2,62.51,89.62,1
M0039,74.74,2.63,98.06,1531.71,38.89,38.17,0
M0040,82.69,4.9,109.28,1399.79,54.09,86.17,1
M0041,59.07,2.59,100.11,1498.85,46.77,47.31,0
M0042,63.47,1.69,98.03,1527.11,43.28,18.1,0
M0043,66.03,2.07,98.08,1457.52,46.48,50.2,0
M0044,71.69,2.46,99.18,1462.74,39.01,49.95,0
M0045,72.21,3.25,99.68,1474.95,36.34,44.01,0
M0046,88.13,6.67,109.85,1433.69,62.97,99.17,1
M0047,97.63,4.59,116.84,1379.9,63.96,93.08,1
M0048,96.21,5.43,117.45,1359.73,63.08,95.05,1
M0049,71.33,2.15,100.44,1529.53,37.96,6.18,0
M0050,61.57,3.16,105.74,1477.91,43.34,24.98,0
M0051,90.72,7.79,109.38,1437.34,52.68,98.69,1
M0052,57.17,2.09,103.83,1481.37,42.88,30.57,0
M0053,66.53,1.64,103.67,1450.17,47.03,31.92,0
M0054,69.84,2.68,100.91,1457.0,43.64,21.51,0
M0055,71.96,2.8,100.4,1480.93,40.31,25.12,0
M0056,57.55,2.05,105.52,1517.73,46.74,35.78,0
M0057,65.96,1.0,100.3,1492.99,42.54,37.74,0
M0058,63.84,1.53,101.79,1540.12,45.35,13.48,0
M0059,65.31,2.58,100.68,1531.84,44.76,38.64,0
M0060,58.98,1.06,99.96,1497.51,46.05,8.64,0
M0061,67.6,1.49,103.57,1499.44,38.17,37.8,0
M0062,70.02,2.93,98.85,1492.51,37.29,52.9,0
M0063,56.0,1.62,104.79,1495.65,45.42,38.38,0
M0064,91.91,7.83,118.7,1405.14,60.79,82.67,1
M0065,90.96,7.64,116.92,1392.72,53.89,73.65,1
M0066,70.32,2.3,103.01,1477.46,36.01,19.29,0
M0067,61.39,2.35,99.11,1473.13,44.02,40.32,0
M0068,63.15,2.36,101.33,1470.68,40.46,50.24,0
M0069,68.91,3.14,104.12,1488.04,35.08,22.59,0
M0070,72.07,3.38,101.35,1524.75,42.1,35.16,0
M0071,59.39,2.09,98.23,1483.61,43.83,25.22,0
M0072,64.35,1.32,102.98,1452.7,40.12,33.22,0
M0073,67.85,1.34,101.69,1455.03,39.93,15.58,0
M0074,70.22,1.95,104.02,1533.19,38.28,9.1,0
M0075,65.79,3.5,100.8,1515.01,45.16,37.59,0
M0076,73.99,1.5,98.16,1465.24,36.64,38.47,0
M0077,59.36,2.75,104.14,1466.78,42.89,42.4,0
M0078,71.39,3.41,98.86,1452.57,39.06,38.87,0
M0079,87.93,7.0,108.91,1412.16,59.41,68.57,1
M0080,72.01,2.5,98.97,1548.38,45.17,22.36,0
M0081,62.41,2.26,100.73,1534.96,45.69,10.28,0
M0082,92.71,7.4,116.49,1389.19,61.01,98.79,1
M0083,71.16,2.35,101.87,1493.56,44.5,18.42,0
M0084,96.61,4.8,118.58,1371.95,56.97,86.36,1
M0085,55.57,3.13,99.45,1471.21,45.37,22.02,0
M0086,94.02,5.47,108.12,1435.33,51.28,90.2,1
M0087,70.16,2.73,103.17,1499.08,45.31,9.65,0
M0088,68.84,1.77,102.65,1497.33,41.9,26.28,0
M0089,61.62,2.76,100.17,1475.14,36.57,14.63,0
M0090,65.72,2.91,99.48,1471.64,41.29,41.23,0
M0091,90.49,5.49,109.21,1367.47,53.41,71.28,1
M0092,65.68,1.69,105.79,1505.34,44.07,11.31,0
M0093,89.82,7.55,114.89,1392.25,56.61,71.45,1
M0094,73.82,2.19,104.58,1490.07,35.96,36.47,0
M0095,57.98,2.41,100.43,1549.39,36.54,43.22,0
M0096,70.81,1.56,102.18,1495.05,40.76,48.01,0
M0097,86.11,6.67,115.32,1416.61,64.21,72.27,1
M0098,68.21,1.39,99.39,1457.51,35.03,27.53,0
M0099,60.83,1.58,103.66,1520.3,40.9,39.37,0
M0100,95.76,6.69,115.93,1434.03,56.38,84.06,1
M0101,73.17,3.07,98.57,1466.59,39.0,42.45,0
M0102,60.77,1.31,103.51,1519.97,47.25,30.02,0
M0103,56.61,1.1,101.46,1482.23,38.25,9.57,0
M0104,96.72,6.51,119.41,1439.96,60.08,74.43,1
M0105,70.13,2.18,103.21,1541.61,37.36,34.27,0
M0106,64.83,1.23,100.78,1483.33,43.71,47.89,0
M0107,68.87,1.72,105.56,1531.36,42.15,27.74,0
M0108,61.47,3.43,101.23,1501.46,47.85,37.88,0
M0109,63.26,1.47,100.89,1525.64,43.13,43.0,0
M0110,65.98,3.32,101.5,1519.83,36.58,53.66,0
M0111,59.79,1.4,102.41,1505.23,36.21,54.61,0
M0112,89.23,4.91,117.99,1394.85,60.75,82.81,1
M0113,71.69,3.45,99.95,1505.13,39.99,51.09,0
M0114,72.59,3.16,100.21,1529.0,40.39,51.71,0
M0115,71.41,1.71,100.39,1508.69,47.99,29.48,0
M0116,65.77,1.86,102.42,1504.34,40.92,21.09,0
M0117,68.95,2.43,99.87,1527.55,35.57,42.24,0
M0118,71.23,1.97,103.31,1532.07,47.75,29.77,0
M0119,65.05,2.48,104.96,1537.42,40.72,31.3,0
M0120,69.45,2.02,103.24,1465.44,41.1,53.46,0
M0121,68.85,2.62,104.81,1535.23,46.17,24.0,0
M0122,69.37,2.9,104.98,1453.59,35.89,36.56,0
M0123,99.95,7.11,113.21,1358.86,59.51,95.54,1
M0124,68.88,3.26,98.37,1529.61,38.81,23.74,0
M0125,65.62,2.41,104.34,1467.0,36.03,48.54,0
M0126,59.82,3.28,99.14,1496.11,38.3,17.77,0
M0127,71.09,3.25,103.42,1465.8,40.74,22.28,0
M0128,67.78,2.06,100.0,1534.53,37.59,24.23,0
M0129,59.74,2.43,102.6,1549.27,38.84,53.9,0
M0130,60.49,2.41,103.49,1524.47,35.64,35.32,0
M0131,73.08,1.72,104.39,1510.71,39.58,36.83,0
M0132,68.56,2.8,103.27,1533.83,43.17,50.17,0
M0133,61.18,2.1,102.64,1523.24,36.17,19.76,0
M0134,58.51,1.33,102.32,1547.15,41.9,50.67,0
M0135,85.14,7.39,113.78,1422.58,61.2,76.86,1
M0136,74.26,1.35,105.73,1536.01,44.41,54.0,0
M0137,96.09,5.78,117.49,1351.25,58.05,80.92,1
M0138,68.45,2.46,104.58,1544.03,36.41,16.69,0
M0139,72.68,2.4,105.32,1472.14,35.82,46.19,0
M0140,86.04,5.93,109.68,1435.16,54.57,82.24,1
M0141,72.75,1.34,101.63,1517.05,44.66,52.3,0
M0142,69.85,1.39,101.32,1459.9,41.36,25.41,0
M0143,80.65,5.8,113.32,1435.55,62.83,68.48,1
M0144,65.89,3.44,100.87,1489.81,37.47,11.11,0
M0145,89.09,6.82,115.7,1403.74,50.32,92.54,1
M0146,57.52,2.41,98.55,1526.52,37.69,15.8,0
M0147,86.57,5.02,118.81,1350.26,62.88,70.06,1
M0148,60.01,1.44,103.29,1452.58,35.19,44.5,0
M0149,61.48,1.44,98.42,1524.17,41.84,42.28,0
M0150,70.56,2.28,98.87,1500.38,47.29,7.17,0
M0151,72.34,2.3,101.66,1546.4,35.79,28.95,0
M0152,68.72,2.23,105.28,1457.35,36.05,35.41,0
M0153,60.5,2.58,102.39,1482.52,47.93,31.53,0
M0154,67.11,1.25,103.61,1535.28,43.46,43.45,0
M0155,59.3,2.13,99.83,1483.89,40.9,25.8,0
M0156,63.54,2.66,100.99,1465.26,47.0,8.36,0
M0157,81.86,4.84,116.87,1423.06,58.35,85.53,1
M0158,61.59,1.31,100.83,1516.53,44.75,48.4,0
M0159,74.37,2.5,100.81,1507.79,37.77,37.84,0
M0160,57.16,3.11,100.94,1526.26,42.46,45.36,0
M0161,99.49,7.36,115.36,1407.84,50.39,97.52,1
M0162,85.35,5.13,116.43,1377.81,55.1,65.21,1
M0163,91.33,5.9,109.7,1406.99,50.46,91.11,1
M0164,63.4,1.85,100.96,1522.16,45.1,33.38,0
M0165,56.05,1.39,102.94,1517.4,38.54,38.1,0
M0166,63.84,1.68,104.04,1461.38,40.59,19.16,0
M0167,64.73,2.67,98.36,1489.53,42.79,5.38,0
M0168,59.22,1.34,100.04,1482.81,35.1,42.35,0
M0169,62.6,2.76,102.0,1533.34,45.48,8.6,0
M0170,80.85,4.57,119.05,1427.59,58.64,85.07,1
M0171,63.35,1.29,98.17,1482.48,45.42,35.91,0
M0172,98.4,4.81,118.13,1371.9,58.83,83.34,1
M0173,61.21,1.85,100.66,1466.81,41.64,10.7,0
M0174,73.12,1.87,103.82,1531.89,45.6,16.81,0
M0175,58.95,2.51,104.08,1515.55,37.3,43.64,0
M0176,70.09,2.9,101.59,1542.42,42.34,36.76,0
M0177,72.28,2.57,99.21,1456.83,40.75,20.14,0
M0178,56.12,2.27,100.48,1495.19,35.74,46.58,0
M0179,72.29,3.14,102.92,1500.71,41.02,32.72,0
M0180,72.92,2.12,104.48,1515.18,39.18,28.78,0
M0181,56.24,1.26,105.19,1484.34,44.29,30.23,0
M0182,59.95,2.09,101.52,1502.27,37.06,23.64,0
M0183,63.18,1.85,102.78,1528.92,43.41,8.3,0
M0184,68.57,1.71,103.79,1515.66,46.78,48.66,0
M0185,66.65,1.35,100.8,1546.77,44.08,24.6,0
M0186,73.76,1.77,101.01,1529.17,45.57,38.51,0
M0187,94.78,6.9,114.32,1408.14,56.35,77.66,1
M0188,58.61,1.54,105.58,1498.63,37.95,11.88,0
M0189,71.89,1.25,104.17,1533.51,46.49,6.89,0
M0190,70.33,1.33,101.01,1466.22,45.81,43.55,0
M0191,83.31,6.03,112.93,1410.87,53.56,80.55,1
M0192,69.97,2.12,102.27,1480.95,45.51,28.45,0
M0193,87.36,7.81,119.81,1391.55,54.23,78.37,1
M0194,74.33,3.04,104.41,1463.84,38.25,37.06,0
M0195,91.09,4.86,118.15,1426.6,54.28,91.71,1
M0196,73.11,1.37,101.5,1544.64,37.89,27.56,0
M0197,55.53,1.13,102.02,1473.58,47.93,23.75,0
M0198,73.62,3.1,103.2,1529.14,36.79,19.34,0
M0199,93.92,4.99,116.47,1390.37,50.08,67.77,1
M0200,71.7,2.37,103.82,1502.78,36.45,19.41,0
M0201,55.95,2.05,104.35,1495.71,36.44,50.26,0
M0202,55.33,2.29,99.94,1464.36,40.58,35.74,0
M0203,63.33,2.66,98.68,1547.47,35.88,31.3,0
M0204,74.77,2.39,101.12,1497.01,43.26,54.05,0
M0205,55.32,2.97,100.76,1523.29,43.17,43.58,0
M0206,61.65,1.11,102.37,1531.35,37.28,43.96,0
M0207,68.91,2.58,104.49,1456.31,45.09,27.88,0
M0208,55.88,1.5,98.34,1543.34,41.7,54.46,0
M0209,60.07,2.88,99.53,1485.7,45.15,48.29,0
M0210,57.49,1.92,105.12,1524.33,46.63,24.33,0
M0211,89.92,6.24,119.09,1396.73,62.02,90.45,1
M0212,67.05,3.06,102.36,1482.12,36.04,38.05,0
M0213,67.05,2.07,103.52,1485.15,35.55,48.5,0
M0214,74.96,1.69,105.84,1544.79,35.98,36.88,0
M0215,71.02,2.7,105.62,1464.28,42.9,44.07,0
M0216,56.34,2.95,100.93,1488.29,42.37,35.25,0
M0217,73.98,1.93,104.1,1507.39,41.88,24.9,0
M0218,59.99,1.28,103.89,1499.9,40.03,33.08,0
M0219,60.21,2.12,105.97,1478.56,46.91,29.56,0
M0220,72.06,2.13,105.19,1494.51,36.14,39.1,0
M0221,86.39,5.72,108.78,1398.8,63.37,94.8,1
M0222,73.55,2.59,104.35,1500.88,36.58,15.05,0
M0223,70.81,1.07,102.43,1486.89,45.45,32.58,0
M0224,56.72,1.77,106.0,1521.89,41.83,43.46,0
M0225,81.48,7.9,115.71,1390.5,60.2,77.06,1
M0226,95.61,6.74,110.18,1436.96,56.49,96.87,1
M0227,57.48,1.38,99.32,1482.27,44.22,22.3,0
M0228,97.9,7.46,111.01,1407.16,58.26,69.38,1
M0229,65.67,2.26,99.35,1544.16,37.0,37.94,0
M0230,67.1,3.11,102.51,1532.52,35.37,7.27,0
M0231,66.54,2.63,104.14,1491.66,43.31,29.9,0
M0232,60.79,3.39,101.86,1530.47,43.9,19.87,0
M0233,56.2,2.1,101.87,1470.4,42.89,20.63,0
M0234,69.68,3.15,105.8,1463.08,39.82,33.08,0
M0235,64.33,1.67,99.98,1459.68,38.77,24.21,0
M0236,59.97,3.16,99.28,1482.74,42.51,20.64,0
M0237,64.97,2.29,101.99,1480.85,35.3,52.26,0
M0238,74.33,1.54,100.82,1455.05,41.43,49.12,0
M0239,64.41,2.34,104.78,1493.09,46.47,41.38,0
M0240,62.32,2.0,102.56,1469.47,42.19,8.68,0
M0241,70.29,1.7,105.91,1518.04,36.54,53.75,0
M0242,70.9,1.85,105.51,1525.5,37.59,30.46,0
M0243,55.91,1.34,100.66,1497.37,40.94,35.31,0
M0244,61.56,2.53,99.3,1549.06,44.61,19.96,0
M0245,71.57,2.33,103.67,1479.98,45.6,23.42,0
M0246,74.6,2.46,104.37,1522.53,43.94,6.33,0
M0247,74.34,2.96,104.21,1507.76,44.38,34.18,0
M0248,67.58,2.55,104.73,1464.78,43.85,6.58,0
M0249,82.2,4.57,111.76,1363.63,60.36,79.36,1
M0250,73.41,3.18,103.89,1456.23,36.8,15.37,0
M0251,68.24,2.31,100.51,1467.32,46.86,22.12,0
M0252,70.44,2.8,103.15,1519.33,42.93,14.61,0
M0253,66.16,1.56,105.78,1479.76,38.76,15.36,0
M0254,61.34,1.87,105.47,1529.54,38.55,11.09,0
M0255,62.59,3.45,104.55,1545.46,45.46,19.52,0
M0256,69.28,1.87,101.54,1475.64,41.23,15.1,0
M0257,73.66,2.74,99.1,1511.57,42.63,17.12,0
M0258,65.62,2.59,98.42,1491.33,44.33,10.03,0
M0259,55.1,2.38,105.43,1490.69,47.16,48.92,0
M0260,58.99,3.41,100.57,1514.59,46.8,9.47,0
M0261,65.7,2.81,105.49,1541.32,37.28,49.11,0
M0262,73.39,3.49,101.18,1499.54,47.18,53.11,0
M0263,97.53,4.53,114.82,1359.66,64.74,74.96,1
M0264,90.87,6.23,119.26,1426.6,57.02,71.75,1
M0265,58.25,2.15,100.06,1468.62,44.58,44.54,0
M0266,70.15,1.44,104.85,1539.7,45.75,30.76,0
M0267,68.39,1.46,99.12,1482.36,38.22,18.04,0
M0268,70.08,3.39,100.42,1522.29,35.15,37.68,0
M0269,56.24,1.3,100.45,1490.54,41.53,49.76,0
M0270,61.22,1.29,105.33,1479.5,42.99,15.96,0
M0271,58.06,2.87,102.85,1491.58,42.14,28.54,0
M0272,68.28,1.55,99.98,1525.47,46.35,9.09,0
M0273,69.08,1.2,102.51,1456.18,42.12,30.27,0
M0274,58.0,1.82,102.16,1461.62,37.67,34.16,0
M0275,65.21,3.02,101.63,1501.32,40.94,7.89,0
M0276,71.14,2.81,101.17,1531.65,44.7,33.92,0
M0277,61.89,1.16,105.95,1543.46,35.9,51.69,0
M0278,63.18,2.92,104.13,1547.83,43.4,26.02,0
M0279,87.65,7.54,118.88,1383.81,60.24,88.16,1
M0280,68.07,1.87,99.43,1503.73,41.87,41.39,0
M0281,55.07,1.06,100.39,1517.35,42.08,31.6,0
M0282,84.95,5.71,111.31,1434.37,60.88,68.95,1
M0283,88.38,7.18,118.61,1351.41,53.09,68.53,1
M0284,66.96,2.76,98.39,1524.05,40.23,16.72,0
M0285,72.27,1.14,102.03,1478.93,45.61,41.58,0
M0286,66.96,2.68,100.57,1480.18,36.86,38.01,0
M0287,61.01,1.15,105.59,1537.97,46.85,36.3,0
M0288,64.91,3.43,105.53,1517.13,45.22,20.94,0
M0289,57.98,1.94,104.04,1497.35,46.04,20.04,0
M0290,71.12,3.29,102.5,1546.78,42.24,11.7,0
M0291,59.07,2.62,105.38,1534.71,36.2,41.23,0
M0292,60.37,2.68,102.82,1537.36,37.45,43.08,0
M0293,66.18,2.2,104.96,1483.3,47.44,5.77,0
M0294,99.24,4.91,119.99,1393.1,53.64,86.15,1
M0295,73.3,2.38,104.2,1488.07,41.94,22.96,0
M0296,65.26,2.24,98.79,1548.13,41.1,46.99,0
M0297,87.41,5.95,114.75,1369.91,52.19,74.13,1
M0298,91.58,5.96,109.83,1379.69,55.7,94.17,1
M0299,68.09,2.71,100.06,1532.16,47.56,37.08,0
M0300,58.36,2.99,99.35,1522.03,41.35,50.84,0
M0301,67.84,1.15,98.27,1534.67,47.29,38.41,0
M0302,63.25,3.11,99.85,1520.72,35.12,30.29,0
M0303,67.36,2.67,102.93,1498.32,41.34,5.33,0
M0304,55.24,2.32,100.2,1547.75,35.22,45.66,0
M0305,71.12,3.27,98.86,1459.63,36.94,14.6,0
M0306,71.3,1.67,101.18,1487.31,40.28,33.25,0
M0307,84.52,6.89,118.17,1408.84,62.87,91.59,1
M0308,62.59,2.38,98.45,1450.95,37.23,29.99,0
M0309,70.69,2.41,104.86,1459.54,41.87,7.13,0
M0310,72.36,3.22,101.8,1454.66,35.97,51.28,0
M0311,91.27,4.62,119.15,1378.3,64.42,85.55,1
M0312,69.25,2.0,98.62,1466.25,38.13,46.73,0
M0313,72.93,1.83,104.04,1464.0,47.85,41.21,0
M0314,74.49,1.13,101.5,1533.87,39.43,43.45,0
M0315,87.93,7.21,108.36,1374.6,64.89,82.17,1
M0316,73.82,2.08,103.44,1516.07,36.11,35.93,0
M0317,69.26,1.21,99.23,1521.17,43.24,41.98,0
M0318,57.13,1.01,100.47,1485.99,38.51,11.63,0
M0319,63.98,2.39,101.26,1452.63,39.6,9.65,0
M0320,61.49,1.96,100.33,1488.78,36.1,50.06,0
M0321,99.56,6.5,110.03,1384.27,52.08,75.54,1
M0322,56.27,2.09,101.37,1498.42,36.0,17.58,0
M0323,67.5,2.48,99.56,1460.7,38.96,52.44,0
M0324,67.4,3.01,100.64,1483.47,45.6,47.98,0
M0325,82.72,5.62,119.37,1368.08,54.71,98.76,1
M0326,85.83,6.93,113.89,1401.83,53.64,78.16,1
M0327,87.86,4.9,114.77,1403.3,58.18,88.86,1
M0328,74.06,2.15,103.67,1493.85,38.79,39.64,0
M0329,95.91,5.93,113.99,1407.0,53.63,88.05,1
M0330,70.78,1.18,105.93,1497.92,40.21,30.33,0
M0331,93.83,6.4,117.49,1382.36,63.43,83.79,1
M0332,56.7,2.92,103.26,1485.5,43.41,7.21,0
M0333,93.55,5.9,117.03,1436.91,56.46,65.37,1
M0334,65.21,2.3,102.64,1507.52,40.8,24.56,0
M0335,66.77,2.25,100.76,1452.46,36.36,25.8,0
M0336,82.32,7.79,109.7,1378.07,56.83,72.24,1
M0337,64.52,2.1,103.57,1481.89,38.9,45.51,0
M0338,71.98,2.62,103.42,1466.44,47.79,17.2,0
M0339,58.2,2.4,105.67,1473.19,40.27,14.22,0
M0340,63.64,1.07,102.91,1469.73,42.7,24.44,0
M0341,59.12,2.88,104.47,1456.26,36.32,48.6,0
M0342,61.52,2.14,100.1,1536.26,41.86,36.96,0
M0343,67.23,2.47,100.78,1534.55,43.03,45.69,0
M0344,60.95,2.54,98.68,1463.39,36.53,20.27,0
M0345,68.87,2.28,101.35,1463.79,39.99,14.29,0
M0346,68.87,2.61,106.0,1505.49,41.37,12.01,0
M0347,64.02,1.13,100.87,1450.96,36.77,45.76,0
M0348,90.11,6.23,116.22,1387.41,62.6,82.1,1
M0349,55.62,2.9,100.34,1477.49,41.99,13.41,0
M0350,69.85,2.91,102.4,1461.32,36.48,43.76,0
M0351,87.34,7.38,108.5,1414.71,58.2,99.64,1
M0352,71.6,2.88,100.38,1549.93,40.85,22.43,0
M0353,88.78,7.98,117.31,1371.33,62.16,85.58,1
M0354,69.22,2.58,99.33,1463.92,37.69,15.35,0
M0355,62.02,1.7,102.31,1482.37,44.15,19.47,0
M0356,72.16,3.46,103.43,1459.52,47.52,44.28,0
M0357,99.85,7.53,109.52,1427.95,53.75,89.9,1
M0358,95.23,6.87,113.87,1401.97,54.03,79.5,1
M0359,67.67,3.2,98.74,1501.56,38.62,51.82,0
M0360,74.01,1.82,98.02,1527.41,44.53,41.55,0
M0361,68.28,1.9,98.51,1503.44,37.83,26.48,0
M0362,60.37,3.07,100.7,1507.79,42.36,29.27,0
M0363,68.65,1.12,98.8,1528.39,40.97,11.21,0
M0364,88.83,4.5,119.5,1368.21,60.33,69.62,1
M0365,58.18,3.33,100.19,1515.46,38.26,23.59,0
M0366,83.31,5.89,111.67,1412.95,53.51,87.94,1
M0367,55.02,2.19,99.06,1472.62,43.84,5.46,0
M0368,71.34,3.47,101.38,1463.22,35.92,24.15,0
M0369,57.05,1.78,105.05,1463.71,45.05,42.66,0
M0370,74.86,1.36,102.24,1450.85,43.45,27.0,0
M0371,67.56,1.38,101.29,1518.66,46.18,9.33,0
M0372,70.05,2.47,101.07,1546.32,39.09,11.99,0
M0373,56.68,2.38,102.8,1510.76,45.13,39.52,0
M0374,93.17,5.56,114.21,1395.86,61.22,75.34,1
M0375,72.96,3.39,101.96,1461.27,41.49,34.7,0
M0376,74.55,3.47,105.47,1463.2,46.19,33.42,0
M0377,68.66,2.91,105.64,1527.04,35.22,8.38,0
M0378,55.8,1.15,104.31,1500.66,43.17,30.05,0
M0379,69.04,1.21,102.29,1511.6,38.61,20.5,0
M0380,59.06,3.02,102.29,1489.07,43.25,46.73,0
M0381,56.32,2.75,103.84,1534.65,35.75,9.31,0
M0382,64.07,2.52,100.47,1524.17,44.63,10.97,0
M0383,69.03,1.41,105.62,1502.3,45.18,41.04,0
M0384,57.54,2.95,100.15,1538.64,45.03,6.47,0
M0385,85.44,4.72,116.55,1401.9,51.16,80.93,1
M0386,64.99,2.42,100.94,1475.51,36.34,33.7,0
M0387,59.57,2.27,98.35,1536.29,38.18,28.59,0
M0388,58.0,3.33,104.86,1505.29,46.88,42.03,0
M0389,61.44,2.04,103.76,1477.13,36.01,23.64,0
M0390,73.04,1.45,104.43,1548.14,47.4,8.45,0
M0391,60.65,3.11,100.62,1505.31,35.1,15.03,0
M0392,61.08,2.56,101.71,1509.17,41.41,43.63,0
M0393,73.01,2.9,99.96,1450.64,40.33,16.65,0
M0394,71.79,3.19,105.61,1450.15,43.54,47.45,0
M0395,57.08,2.32,99.91,1499.2,35.78,54.85,0
M0396,56.86,3.3,105.18,1501.98,44.11,23.62,0
M0397,81.7,4.83,109.6,1423.8,51.12,84.87,1
M0398,74.28,1.59,100.09,1481.5,45.41,40.04,0
M0399,61.36,1.68,98.6,1470.27,45.14,34.24,0
M0400,58.29,2.17,101.25,1503.59,47.54,15.38,0
M0401,60.3,1.3,99.26,1518.61,45.74,39.84,0
M0402,71.72,1.82,98.73,1474.82,39.62,30.67,0
M0403,60.2,3.48,98.25,1490.44,40.88,42.4,0
M0404,64.24,3.01,99.12,1451.2,45.79,54.13,0
M0405,71.47,1.93,103.04,1514.47,42.57,17.94,0
M0406,80.44,4.73,118.83,1389.91,51.93,96.68,1
M0407,86.63,4.65,113.53,1365.12,58.61,93.76,1
M0408,55.59,2.71,99.38,1471.47,37.43,18.99,0
M0409,80.69,6.67,110.95,1376.56,56.18,84.27,1
M0410,60.6,1.34,99.6,1538.47,41.84,36.54,0
M0411,95.9,7.96,117.38,1382.32,58.17,81.96,1
M0412,90.05,5.86,110.16,1378.7,53.29,96.35,1
M0413,56.17,3.48,102.24,1526.68,47.99,53.7,0
M0414,68.14,1.67,104.53,1541.73,35.73,54.82,0
M0415,71.93,2.99,100.84,1533.92,45.99,13.81,0
M0416,71.12,2.74,105.31,1452.82,44.11,52.38,0
M0417,66.26,1.47,105.9,1538.16,41.4,20.45,0
M0418,56.81,1.58,99.75,1502.64,35.01,50.89,0
M0419,57.61,2.79,105.35,1534.43,39.21,6.1,0
M0420,73.34,2.94,104.77,1536.07,47.49,23.68,0
M0421,87.91,4.85,111.62,1362.28,52.36,98.2,1
M0422,74.21,2.62,99.39,1546.87,44.02,51.44,0
M0423,59.46,2.47,99.4,1480.68,43.95,11.37,0
M0424,73.98,3.37,101.13,1549.43,47.55,6.62,0
M0425,73.42,3.42,99.77,1506.56,47.18,12.03,0
M0426,59.76,3.46,99.34,1538.53,36.15,40.45,0
M0427,72.73,2.12,100.12,1474.95,35.88,17.83,0
M0428,55.03,1.96,103.86,1546.91,46.5,29.65,0
M0429,65.92,1.25,101.84,1536.41,43.46,39.36,0
M0430,56.47,3.11,100.36,1481.87,47.37,8.71,0
M0431,62.51,2.83,102.38,1539.81,36.21,34.7,0
M0432,64.65,1.08,105.54,1466.5,46.57,12.86,0
M0433,59.11,1.47,103.58,1522.2,44.49,18.26,0
M0434,59.75,1.12,102.57,1533.99,37.0,23.04,0
M0435,60.89,2.66,102.8,1469.97,35.33,13.54,0
M0436,56.64,3.11,100.47,1489.75,41.36,38.05,0
M0437,65.88,1.46,105.08,1486.94,40.8,18.16,0
M0438,59.52,1.67,98.49,1525.22,43.68,9.29,0
M0439,65.83,3.43,102.72,1505.36,45.93,45.92,0
M0440,65.71,3.17,101.8,1538.17,41.19,8.95,0
M0441,94.29,6.26,118.81,1422.04,60.16,86.71,1
M0442,70.14,1.43,105.87,1547.22,45.51,11.31,0
M0443,74.77,2.09,105.98,1512.72,45.84,17.89,0
M0444,98.28,4.73,112.66,1385.76,54.89,74.67,1
M0445,72.47,2.97,102.98,1502.26,40.45,25.72,0
M0446,66.76,2.9,105.52,1542.49,42.31,10.05,0
M0447,65.71,1.86,101.29,1488.3,41.31,35.45,0
M0448,60.51,1.36,102.87,1519.37,35.5,49.48,0
M0449,59.75,2.86,105.37,1539.7,35.26,45.87,0
M0450,60.61,2.23,103.57,1459.82,46.3,11.72,0
M0451,88.86,7.39,111.23,1387.51,59.68,71.58,1
M0452,71.48,2.85,104.08,1536.72,45.67,30.76,0
M0453,61.22,2.27,99.09,1535.13,46.43,6.45,0
M0454,71.66,3.09,100.0,1495.64,46.93,40.23,0
M0455,71.47,2.26,103.08,1462.39,35.4,23.62,0
M0456,58.55,3.18,102.7,1484.98,37.13,49.72,0
M0457,68.78,1.71,101.09,1466.29,42.44,53.25,0
M0458,92.95,6.87,111.23,1386.86,50.3,92.31,1
M0459,55.18,3.28,103.18,1510.11,35.11,17.62,0
M0460,86.11,7.88,115.71,1388.14,55.65,77.2,1
M0461,64.33,2.69,104.59,1489.72,36.33,30.58,0
M0462,71.87,1.94,103.18,1510.91,38.88,10.41,0
M0463,74.77,2.6,104.89,1476.11,44.24,49.62,0
M0464,58.0,2.91,105.2,1530.54,45.43,35.0,0
M0465,68.62,2.8,103.24,1549.75,38.37,25.93,0
M0466,55.71,2.77,102.58,1468.99,44.45,16.12,0
M0467,70.7,3.27,103.37,1500.73,45.99,47.03,0
M0468,83.62,4.84,109.54,1373.28,62.13,91.7,1
M0469,68.59,1.84,98.71,1485.53,44.67,20.35,0
M0470,61.63,1.65,100.35,1535.12,41.12,48.32,0
M0471,73.89,1.18,105.12,1500.05,46.28,24.08,0
M0472,56.08,3.14,99.1,1470.03,40.32,33.47,0
M0473,89.15,5.61,116.59,1420.1,57.31,87.09,1
M0474,67.69,1.01,100.19,1526.12,37.19,43.22,0
M0475,70.27,1.22,102.92,1513.35,40.24,53.27,0
M0476,55.75,1.5,100.98,1451.41,39.19,46.66,0
M0477,68.53,2.57,99.99,1519.35,39.48,11.45,0
M0478,66.77,1.42,104.59,1479.82,38.78,41.39,0
M0479,61.76,3.22,105.96,1484.27,46.72,22.96,0
M0480,73.96,3.3,101.23,1472.84,44.45,11.56,0
M0481,66.79,1.42,100.93,1515.05,35.49,48.83,0
M0482,65.69,1.12,105.96,1516.2,43.5,5.99,0
M0483,63.34,1.95,102.38,1497.44,36.99,39.76,0
M0484,61.02,2.65,103.3,1477.0,42.87,11.86,0
M0485,82.1,7.02,109.41,1360.26,51.59,71.95,1
M0486,60.26,2.31,99.61,1520.34,38.84,6.97,0
M0487,59.15,3.33,100.64,1450.27,43.73,50.34,0
M0488,93.38,5.02,109.08,1396.05,60.85,68.55,1
M0489,59.62,3.47,100.37,1496.43,36.3,13.74,0
M0490,60.81,3.0,100.5,1523.85,36.23,42.91,0
M0491,72.04,2.66,99.36,1485.75,40.69,36.09,0
M0492,81.86,7.35,110.19,1386.07,64.43,74.51,1
M0493,72.01,3.0,103.19,1529.69,36.47,39.81,0
M0494,73.85,1.4,101.33,1509.08,45.43,38.92,0
M0495,62.6,1.9,98.23,1518.45,45.9,53.67,0
M0496,73.41,1.28,101.29,1454.6,38.4,20.71,0
M0497,68.56,2.92,102.61,1506.5,47.71,38.49,0
M0498,65.46,2.75,98.76,1516.17,38.23,22.29,0
M0499,62.7,3.1,102.47,1548.78,35.71,37.17,0
M0500,71.98,3.13,104.96,1457.49,41.39,17.04,0
M0501,81.01,5.28,115.72,1386.29,53.52,81.07,1
M0502,88.96,7.5,113.36,1360.68,57.46,87.87,1
M0503,63.25,2.39,98.0,1459.09,42.85,35.95,0
M0504,65.17,1.52,103.37,1545.04,39.72,7.71,0
M0505,64.09,2.4,102.96,1497.31,43.54,40.8,0
M0506,70.19,1.55,100.73,1532.99,47.54,19.6,0
M0507,69.04,1.11,99.31,1464.04,44.32,41.08,0
M0508,67.22,1.47,105.44,1489.29,40.94,44.07,0
M0509,57.16,2.04,105.41,1533.75,42.65,43.61,0
M0510,68.17,3.39,99.08,1499.88,41.89,7.43,0
M0511,96.78,6.19,114.1,1432.9,52.66,85.25,1
M0512,57.57,1.97,102.8,1538.27,41.55,24.23,0
M0513,98.32,7.17,111.28,1436.72,64.56,80.85,1
M0514,63.25,2.75,103.99,1479.89,44.12,48.04,0
M0515,73.71,2.58,99.61,1512.42,38.78,22.26,0
M0516,74.63,2.63,105.67,1500.39,44.03,21.12,0
M0517,62.04,2.2,102.57,1516.72,40.43,42.39,0
M0518,85.72,7.47,117.7,1397.05,50.38,70.09,1
M0519,59.0,2.88,99.29,1478.66,38.26,46.97,0
M0520,60.9,2.88,98.26,1531.4,36.33,48.4,0
M0521,72.3,2.86,102.49,1473.76,45.2,44.94,0
M0522,68.29,3.32,101.1,1545.67,47.69,20.63,0
M0523,55.26,1.63,102.96,1528.09,46.31,46.5,0
M0524,94.09,6.77,117.06,1399.2,59.05,92.17,1
M0525,85.88,5.12,116.19,1366.83,52.61,82.98,1
M0526,63.57,2.39,99.04,1508.4,38.32,21.53,0
M0527,58.1,1.38,100.58,1455.09,47.12,35.78,0
M0528,64.81,2.43,100.86,1528.4,39.13,16.0,0
M0529,56.36,2.26,101.33,1503.7,36.2,16.06,0
M0530,61.64,1.9,99.75,1525.27,41.9,54.83,0
M0531,99.62,4.53,116.03,1390.11,63.57,86.48,1
M0532,74.18,2.71,100.57,1541.59,47.28,24.29,0
M0533,60.66,3.28,104.58,1487.5,45.44,27.28,0
M0534,72.97,1.48,102.11,1544.82,37.18,52.81,0
M0535,55.15,1.16,103.36,1527.36,46.24,26.21,0
M0536,65.76,2.76,105.81,1527.52,43.41,51.99,0
M0537,58.08,2.15,100.65,1458.75,35.71,44.71,0
M0538,66.5,1.57,100.07,1488.8,43.19,26.65,0
M0539,68.47,2.34,103.13,1511.83,44.83,34.28,0
M0540,56.45,3.32,98.85,1528.69,38.92,9.33,0
M0541,63.75,1.99,103.29,1497.4,41.94,11.82,0
M0542,70.95,2.36,105.68,1464.41,43.8,50.71,0
M0543,69.59,1.93,105.6,1505.35,42.22,11.16,0
M0544,66.93,2.34,105.58,1480.47,44.73,50.18,0
M0545,63.25,2.61,102.1,1466.1,37.87,46.74,0
M0546,58.63,3.0,104.82,1535.14,47.12,54.72,0
M0547,65.99,1.73,98.54,1459.82,44.43,29.36,0
M0548,57.56,2.64,98.8,1511.95,46.7,20.89,0
M0549,67.33,1.76,102.67,1506.56,39.74,20.82,0
M0550,55.1,1.62,99.77,1523.98,40.67,47.01,0
M0551,69.66,3.19,101.7,1485.87,38.97,32.58,0
M0552,67.13,3.1,104.87,1464.0,42.0,18.16,0
M0553,81.53,4.76,108.22,1395.65,50.47,85.37,1
M0554,66.8,3.27,102.41,1504.35,47.98,28.61,0
M0555,62.32,1.56,104.18,1523.32,38.78,28.24,0
M0556,62.94,2.26,103.3,1534.8,45.49,35.7,0
M0557,65.28,2.12,99.43,1544.87,43.57,53.39,0
M0558,64.67,1.9,99.75,1498.76,35.82,23.47,0
M0559,59.14,3.27,100.89,1496.97,40.91,7.32,0
M0560,86.48,6.96,114.26,1424.67,62.52,74.22,1
M0561,58.48,2.63,100.92,1515.33,45.86,30.83,0
M0562,73.14,2.29,100.82,1536.77,41.33,29.11,0
M0563,65.04,1.35,99.32,1457.71,43.37,15.58,0
M0564,62.24,2.79,98.95,1473.03,45.55,41.01,0
M0565,64.58,1.53,99.29,1533.34,35.29,7.16,0
M0566,58.22,2.57,98.31,1507.23,35.73,17.91,0
M0567,74.16,2.5,102.51,1451.86,44.35,38.09,0
M0568,56.71,2.12,105.94,1536.73,37.22,46.52,0
M0569,70.89,3.05,99.46,1515.96,38.44,41.21,0
M0570,64.07,2.48,99.84,1488.55,36.41,15.12,0
M0571,90.09,5.97,109.79,1358.67,57.14,86.52,1
M0572,70.68,2.26,98.94,1498.22,36.69,35.17,0
M0573,97.94,7.21,115.79,1396.98,55.56,66.52,1
M0574,59.59,3.01,104.32,1488.12,42.66,42.07,0
M0575,68.93,1.24,99.07,1497.71,38.02,47.95,0
M0576,72.54,2.02,99.51,1520.91,45.26,33.9,0
M0577,55.14,2.64,103.5,1481.59,39.71,12.74,0
M0578,60.07,3.14,101.39,1486.56,38.58,39.03,0
M0579,63.26,2.96,101.86,1487.02,42.21,17.69,0
M0580,61.89,2.76,103.89,1535.5,43.57,42.39,0
M0581,68.99,1.4,99.72,1490.06,39.4,32.53,0
M0582,69.14,1.4,105.72,1450.53,36.18,12.27,0
M0583,88.71,4.72,110.66,1357.2,50.57,78.45,1
M0584,92.28,6.32,116.54,1403.77,64.19,93.71,1
M0585,63.78,1.5,103.26,1530.39,38.72,6.68,0
M0586,65.32,1.58,99.36,1453.61,38.11,5.01,0
M0587,74.94,2.95,100.83,1489.51,42.62,30.89,0
M0588,56.37,1.23,100.28,1532.98,46.9,22.4,0
M0589,85.53,6.62,110.33,1433.67,58.62,74.14,1
M0590,57.13,1.18,100.35,1544.7,45.44,52.84,0
M0591,96.26,6.51,116.33,1436.94,58.45,91.95,1
M0592,74.22,2.15,101.69,1508.68,35.36,10.81,0
M0593,67.67,3.49,103.42,1472.99,39.1,52.77,0
M0594,55.19,3.08,99.99,1459.3,43.76,46.05,0
M0595,73.63,2.19,100.83,1539.43,38.5,52.36,0
M0596,73.2,2.25,99.6,1523.54,46.35,15.34,0
M0597,59.99,2.55,99.25,1460.67,46.96,38.79,0
M0598,67.28,2.91,102.33,1454.23,41.27,36.03,0
M0599,74.71,3.24,104.95,1499.08,47.8,50.8,0
M0600,59.44,2.44,98.43,1529.93,41.22,32.04,0
M0601,62.87,2.72,99.4,1547.65,44.08,28.0,0
M0602,55.24,1.53,102.65,1482.54,42.97,17.99,0
M0603,59.74,2.18,102.9,1486.59,41.48,15.53,0
M0604,62.45,3.14,100.24,1467.99,36.7,33.79,0
M0605,57.0,1.67,99.89,1493.22,39.95,12.29,0
M0606,82.99,7.32,110.12,1394.96,64.93,94.73,1
M0607,69.41,2.96,100.4,1506.21,42.38,24.92,0
M0608,56.2,3.03,101.81,1512.99,40.85,21.73,0
M0609,66.21,3.33,100.06,1451.98,36.58,48.37,0
M0610,83.98,6.52,115.79,1365.71,61.7,77.43,1
M0611,64.75,2.84,105.12,1488.11,38.72,36.59,0
M0612,58.35,3.02,100.7,1513.13,42.43,47.45,0
M0613,58.24,1.57,100.54,1479.14,38.48,37.23,0
M0614,63.9,3.16,100.91,1508.69,47.55,25.7,0
M0615,55.46,2.82,103.3,1544.04,44.11,9.0,0
M0616,57.06,1.16,105.03,1504.84,35.34,24.85,0
M0617,56.67,1.66,99.24,1515.48,46.51,20.47,0
M0618,60.68,2.57,99.05,1533.85,35.37,38.18,0
M0619,86.5,6.17,119.7,1398.65,54.09,80.57,1
M0620,93.95,5.12,115.17,1406.79,59.54,84.74,1
M0621,67.79,1.77,100.78,1503.97,45.46,27.09,0
M0622,60.2,1.76,98.0,1531.54,46.02,22.19,0
M0623,55.17,3.31,105.58,1497.71,35.12,26.52,0
M0624,59.62,1.02,100.99,1491.17,42.29,24.74,0
M0625,69.74,1.97,101.03,1476.3,40.49,16.98,0
M0626,73.2,3.02,103.48,1478.47,44.66,45.44,0
M0627,72.07,1.46,100.32,1513.69,43.03,18.61,0
M0628,58.76,1.05,98.4,1503.5,37.42,10.11,0
M0629,69.3,2.82,99.86,1465.07,41.42,22.1,0
M0630,70.99,3.49,101.71,1529.14,39.29,47.18,0
M0631,81.12,7.21,108.86,1392.31,52.88,94.45,1
M0632,96.57,4.93,117.22,1372.41,61.57,80.5,1
M0633,55.67,2.15,104.17,1502.11,47.77,28.64,0
M0634,61.24,1.81,103.03,1454.22,47.19,31.05,0
M0635,67.77,1.5,105.1,1536.37,37.83,10.65,0
M0636,61.49,1.42,100.21,1461.96,45.26,5.45,0
M0637,70.67,2.19,102.77,1487.14,36.16,12.88,0
M0638,67.37,3.33,105.98,1512.51,35.78,37.23,0
M0639,70.83,1.31,99.86,1548.17,45.25,42.83,0
M0640,88.77,5.18,116.27,1382.24,52.02,96.45,1
M0641,63.75,1.74,103.58,1468.98,37.43,22.38,0
M0642,60.51,3.08,105.32,1505.45,35.9,12.75,0
M0643,60.27,1.92,98.01,1513.8,39.93,14.28,0
M0644,72.14,2.94,99.91,1522.1,43.56,31.95,0
M0645,65.48,2.24,102.41,1511.3,39.19,37.05,0
M0646,65.46,1.17,104.68,1462.98,46.36,15.1,0
M0647,56.98,2.43,104.69,1515.79,41.84,40.07,0
M0648,62.33,2.51,98.57,1543.02,37.71,29.57,0
M0649,81.6,7.3,108.73,1400.22,64.07,79.56,1
M0650,69.17,3.06,100.13,1454.07,35.92,20.2,0
M0651,99.21,4.84,116.7,1397.85,52.84,83.42,1
M0652,67.51,1.45,103.99,1491.52,36.37,36.93,0
M0653,64.17,2.66,105.06,1466.68,37.35,25.08,0
M0654,58.16,3.5,101.54,1485.23,39.1,54.57,0
M0655,62.43,2.91,101.44,1522.59,42.91,33.16,0
M0656,70.31,3.32,100.03,1546.17,40.82,24.85,0
M0657,74.66,2.49,102.14,1549.34,38.92,20.02,0
M0658,72.11,1.05,104.58,1518.97,38.59,32.68,0
M0659,73.52,1.39,98.3,1485.57,36.8,23.35,0
M0660,59.66,3.03,98.74,1489.98,46.93,41.71,0
M0661,70.86,1.43,104.61,1518.96,42.49,50.38,0
M0662,61.01,2.83,102.61,1457.85,35.73,43.55,0
M0663,71.34,2.04,104.94,1536.98,37.95,37.64,0
M0664,55.23,2.94,101.06,1480.48,35.54,32.0,0
M0665,65.05,1.55,98.4,1523.16,40.11,27.28,0
M0666,65.09,1.56,100.32,1489.43,36.72,9.13,0
M0667,55.99,2.0,98.68,1500.18,45.06,11.52,0
M0668,66.19,2.22,103.22,1469.61,43.01,41.78,0
M0669,56.43,2.94,100.59,1542.41,36.16,38.59,0
M0670,61.97,1.8,102.75,1452.42,38.96,54.38,0
M0671,74.8,2.11,99.17,1454.49,45.64,14.98,0
M0672,70.15,3.13,98.9,1455.45,47.34,51.34,0
M0673,96.4,4.55,116.33,1360.02,56.75,65.8,1
M0674,65.76,1.51,102.19,1475.87,41.28,41.5,0
M0675,68.98,1.05,102.66,1516.35,35.57,13.52,0
M0676,70.78,2.54,98.42,1515.48,35.11,24.43,0
M0677,72.04,2.65,104.91,1451.91,46.28,37.47,0
M0678,62.61,3.44,98.8,1481.55,46.27,31.58,0
M0679,65.01,2.14,105.41,1452.15,38.22,31.47,0
M0680,62.87,1.39,100.77,1485.19,43.13,16.81,0
M0681,90.03,7.34,115.51,1429.08,63.36,93.52,1
M0682,66.1,1.7,99.21,1539.72,43.54,9.39,0
M0683,74.21,2.53,103.0,1472.74,38.12,12.64,0
M0684,98.19,5.65,114.51,1368.61,52.08,83.95,1
M0685,97.25,5.58,116.46,1397.14,52.03,99.85,1
M0686,82.9,7.77,119.01,1378.57,58.36,98.2,1
M0687,61.35,3.2,103.82,1526.54,46.44,25.7,0
M0688,63.86,3.33,105.15,1543.33,38.56,43.96,0
M0689,58.69,2.91,102.9,1476.69,42.37,16.55,0
M0690,68.75,1.9,103.51,1497.66,41.53,35.24,0
M0691,62.48,3.13,101.93,1463.75,37.51,6.61,0
M0692,55.3,1.67,101.3,1524.24,47.85,42.89,0
M0693,73.54,3.46,104.94,1498.99,39.22,27.88,0
M0694,63.1,1.1,103.88,1488.04,39.07,35.58,0
M0695,66.88,2.31,105.01,1528.69,41.77,27.58,0
M0696,80.85,7.99,114.22,1385.61,61.03,84.52,1
M0697,67.61,1.12,100.33,1489.8,38.96,46.38,0
M0698,63.45,2.53,98.44,1501.7,36.85,46.49,0
M0699,69.45,1.28,104.23,1543.78,44.05,11.77,0
M0700,64.02,1.45,102.72,1521.26,37.63,27.73,0
M0701,68.83,3.27,104.37,1521.84,36.61,10.71,0
M0702,62.26,2.31,101.07,1529.11,41.65,52.49,0
M0703,62.61,2.92,105.3,1506.55,43.57,12.5,0
M0704,83.58,6.99,113.03,1377.86,61.53,80.62,1
M0705,57.35,1.33,99.62,1512.26,38.29,27.93,0
M0706,90.87,4.52,118.59,1371.41,58.83,81.65,1
M0707,56.59,2.5,99.96,1504.73,43.06,32.88,0
M0708,80.98,5.02,115.84,1353.3,62.81,88.34,1
M0709,85.97,7.72,108.59,1387.53,52.67,88.52,1
M0710,68.83,2.49,104.3,1467.74,40.92,33.95,0
M0711,81.86,5.55,112.42,1384.1,51.02,79.96,1
M0712,60.86,1.34,103.56,1477.44,41.85,31.23,0
M0713,67.24,1.27,103.84,1512.9,47.83,29.18,0
M0714,73.68,3.47,100.3,1510.88,39.11,31.27,0
M0715,87.08,4.95,114.75,1396.77,59.48,82.24,1
M0716,67.19,2.77,105.83,1450.16,35.31,36.27,0
M0717,71.96,3.0,105.99,1491.4,39.34,33.02,0
M0718,55.23,1.5,100.25,1529.02,39.0,30.33,0
M0719,55.12,2.71,100.73,1522.44,43.01,6.46,0
M0720,61.61,1.84,103.38,1541.62,45.36,37.28,0
M0721,67.54,3.23,102.3,1483.51,45.19,25.7,0
M0722,71.7,1.75,103.8,1481.55,41.97,15.41,0
M0723,70.99,3.22,100.83,1546.96,38.65,6.56,0
M0724,92.53,7.45,114.85,1385.06,58.93,95.26,1
M0725,69.11,1.79,98.25,1491.39,41.46,16.88,0
M0726,74.01,1.54,100.42,1461.22,45.2,43.89,0
M0727,88.88,4.59,113.79,1395.0,52.85,97.33,1
M0728,65.47,2.94,99.15,1537.18,45.69,51.9,0
M0729,57.65,2.81,101.67,1521.37,41.79,5.21,0
M0730,93.74,6.58,109.04,1392.02,50.69,83.22,1
M0731,61.25,2.44,100.5,1539.21,39.17,14.63,0
M0732,61.38,2.1,98.94,1464.93,38.56,5.76,0
M0733,65.28,1.52,100.8,1481.85,36.84,40.22,0
M0734,59.9,1.18,102.91,1483.87,40.77,11.5,0
M0735,68.51,1.26,98.43,1492.65,37.33,34.81,0
M0736,71.72,2.75,102.93,1481.24,45.63,40.64,0
M0737,65.67,3.43,104.05,1496.57,36.71,45.64,0
M0738,89.37,6.09,116.21,1413.92,56.98,73.11,1
M0739,72.22,2.54,105.3,1489.21,44.09,38.26,0
M0740,72.65,2.13,98.24,1497.53,39.57,28.06,0
M0741,70.36,2.51,99.02,1460.29,45.63,44.84,0
M0742,67.99,2.98,102.26,1490.08,40.37,36.04,0
M0743,74.48,1.96,100.73,1531.39,42.68,44.22,0
M0744,70.75,2.36,99.89,1516.26,36.01,51.54,0
M0745,64.73,2.48,101.7,1505.51,45.69,13.81,0
M0746,81.39,4.88,117.77,1419.42,55.68,82.3,1
M0747,56.81,3.04,105.1,1540.33,43.27,5.01,0
M0748,57.98,2.33,101.12,1507.79,37.54,39.08,0
M0749,66.41,3.28,100.44,1544.33,40.65,54.13,0
M0750,56.79,1.02,105.89,1490.42,36.66,19.71,0
M0751,65.98,1.13,103.63,1532.08,39.67,48.06,0
M0752,84.7,6.96,112.73,1378.63,55.74,78.35,1
M0753,68.25,2.19,99.51,1488.46,47.02,47.0,0
M0754,74.95,2.68,99.07,1457.17,35.2,41.07,0
M0755,63.73,3.48,98.68,1514.22,40.41,27.8,0
M0756,67.09,2.06,99.44,1500.94,42.18,27.5,0
M0757,58.72,2.51,102.62,1534.68,38.08,30.09,0
M0758,65.92,1.92,105.83,1506.81,44.16,10.66,0
M0759,68.81,1.36,103.85,1548.36,47.79,43.94,0
M0760,56.56,3.22,98.71,1497.25,44.64,53.02,0
M0761,67.67,3.0,100.5,1455.28,39.47,43.93,0
M0762,65.25,2.17,103.87,1492.1,47.49,44.91,0
M0763,55.71,3.31,104.0,1522.7,42.33,8.07,0
M0764,58.38,1.13,105.92,1530.89,43.12,19.34,0
M0765,65.11,3.13,100.22,1463.25,38.65,47.89,0
M0766,57.23,1.44,102.73,1465.11,40.81,45.39,0
M0767,69.02,2.21,104.39,1536.2,39.46,9.22,0
M0768,73.68,1.39,101.97,1549.36,45.01,16.9,0
M0769,67.75,1.53,103.87,1484.51,43.35,42.77,0
M0770,58.35,2.0,100.41,1524.62,44.78,31.63,0
M0771,69.11,2.19,99.16,1537.03,35.15,51.36,0
M0772,68.57,3.4,103.46,1454.1,46.93,36.87,0
M0773,88.64,7.71,118.3,1380.15,54.01,68.44,1
M0774,62.82,2.93,103.99,1523.43,42.65,14.75,0
M0775,68.81,1.45,102.38,1517.28,45.81,5.6,0
M0776,57.08,2.11,99.76,1478.33,37.51,6.19,0
M0777,73.77,2.64,104.68,1545.05,43.3,40.4,0
M0778,72.13,1.32,103.25,1539.99,42.36,53.36,0
M0779,93.91,5.39,113.6,1434.26,59.58,97.29,1
M0780,63.54,3.26,104.16,1482.34,37.11,8.7,0
M0781,62.66,1.83,98.48,1545.56,38.44,27.03,0
M0782,73.57,2.53,99.43,1499.21,36.87,43.44,0
M0783,67.87,3.28,103.72,1460.33,35.95,33.57,0
M0784,63.92,3.24,99.19,1514.03,47.13,38.23,0
M0785,69.0,3.26,102.6,1501.54,47.22,29.53,0
M0786,71.88,2.95,104.28,1504.01,35.04,52.71,0
M0787,89.64,6.49,119.22,1382.3,60.23,79.02,1
M0788,74.18,1.23,102.28,1546.09,36.05,27.98,0
M0789,67.96,1.44,98.31,1488.42,37.48,39.79,0
M0790,92.61,5.76,109.02,1406.95,61.03,69.9,1
M0791,69.39,2.48,101.91,1456.3,42.03,20.39,0
M0792,71.69,2.12,105.97,1453.7,35.73,44.39,0
M0793,57.36,3.02,103.34,1495.84,43.82,48.71,0
M0794,66.59,3.31,98.3,1464.16,43.5,28.56,0
M0795,80.92,6.95,109.57,1365.5,50.75,75.76,1
M0796,64.12,1.43,102.73,1531.78,36.38,29.86,0
M0797,59.41,3.01,101.41,1531.15,47.77,38.92,0
M0798,74.52,2.44,99.1,1533.64,45.31,43.21,0
M0799,61.71,1.3,99.13,1491.52,44.05,32.67,0
M0800,73.51,1.1,98.8,1534.74,42.96,43.88,0
M0801,64.74,1.02,99.44,1458.91,43.47,49.35,0
M0802,71.15,2.93,103.54,1470.62,43.32,31.15,0
M0803,73.76,2.53,98.3,1468.0,41.5,52.51,0
M0804,70.65,1.87,98.04,1473.56,36.53,31.51,0
M0805,62.24,2.9,102.32,1471.93,45.01,37.97,0
M0806,58.87,2.99,103.48,1546.86,41.17,13.82,0
M0807,55.86,2.61,100.28,1493.47,39.35,45.26,0
M0808,55.87,2.85,105.4,1467.59,45.21,29.25,0
M0809,72.9,2.8,102.74,1482.6,37.58,38.84,0
M0810,70.58,1.82,98.78,1523.77,46.31,23.78,0
M0811,64.42,2.21,105.12,1464.49,47.06,27.75,0
M0812,57.73,2.8,103.06,1547.56,37.63,11.36,0
M0813,56.19,1.34,104.81,1495.86,37.23,22.18,0
M0814,92.07,7.26,115.66,1405.04,52.55,98.95,1
M0815,81.73,7.5,113.87,1439.61,58.87,94.29,1
M0816,69.6,2.84,99.97,1482.73,42.53,49.59,0
M0817,57.98,2.43,98.04,1548.02,35.52,28.53,0
M0818,55.67,2.33,101.83,1529.8,45.68,27.62,0
M0819,66.17,1.03,103.85,1544.99,36.73,19.79,0
M0820,56.81,2.2,100.44,1520.33,46.15,42.36,0
M0821,64.1,2.93,104.99,1490.54,45.27,23.52,0
M0822,67.67,3.15,98.57,1539.34,39.33,6.64,0
M0823,60.4,3.37,102.34,1529.45,45.24,9.05,0
M0824,94.72,4.69,119.34,1410.72,63.32,68.88,1
M0825,67.38,1.91,99.4,1505.88,35.87,40.47,0
M0826,74.63,1.6,98.91,1497.85,47.21,34.01,0
M0827,84.2,7.11,110.71,1381.74,54.01,88.81,1
M0828,56.27,1.86,101.89,1502.67,36.6,40.49,0
M0829,65.66,1.73,102.97,1529.99,47.29,45.44,0
M0830,81.31,7.62,113.49,1357.22,63.47,75.09,1
M0831,82.19,5.47,116.36,1394.67,63.12,83.22,1
M0832,60.86,3.42,102.33,1463.2,39.51,27.19,0
M0833,60.83,1.16,104.97,1473.23,47.32,37.23,0
M0834,61.86,2.62,100.61,1509.34,44.06,47.1,0
M0835,61.08,1.33,104.31,1467.17,38.38,29.21,0
M0836,95.39,4.67,112.24,1391.03,52.5,97.34,1
M0837,60.7,3.43,104.71,1519.29,43.66,12.67,0
M0838,55.82,1.79,99.01,1476.04,37.4,33.12,0
M0839,61.34,1.86,100.98,1503.99,37.11,20.08,0
M0840,88.09,6.25,109.74,1391.22,54.8,65.15,1
M0841,74.51,1.83,103.64,1497.39,38.77,52.2,0
M0842,91.47,5.01,114.78,1431.62,56.63,89.12,1
M0843,73.0,1.35,102.41,1480.81,40.22,47.04,0
M0844,56.85,1.14,103.13,1508.34,37.89,51.78,0
M0845,55.45,2.35,101.56,1517.16,36.14,30.59,0
M0846,61.36,2.51,105.55,1540.84,39.69,12.4,0
M0847,87.39,5.8,111.42,1381.62,64.66,95.6,1
M0848,69.56,2.11,105.94,1530.37,38.75,45.28,0
M0849,88.48,7.64,109.67,1402.85,51.29,72.27,1
M0850,72.35,3.47,98.53,1546.01,44.83,9.42,0
M0851,73.29,2.04,102.45,1521.02,44.82,11.85,0
M0852,62.64,2.38,98.34,1532.62,45.85,20.2,0
M0853,64.27,1.07,98.02,1476.27,47.43,46.71,0
M0854,68.08,3.23,101.34,1499.19,43.94,17.24,0
M0855,60.54,3.49,98.53,1524.56,42.55,33.28,0
M0856,92.56,6.17,116.33,1360.76,57.69,85.13,1
M0857,83.26,4.7,111.84,1429.05,52.03,70.72,1
M0858,63.39,3.28,100.85,1478.99,41.88,51.82,0
M0859,70.33,1.46,98.76,1525.26,42.07,48.62,0
M0860,93.7,5.55,116.23,1411.95,51.44,85.3,1
M0861,80.26,6.31,112.48,1393.64,55.1,96.88,1
M0862,58.09,1.55,99.51,1539.71,42.97,46.57,0
M0863,65.64,2.38,104.05,1461.4,40.99,8.82,0
M0864,98.47,6.18,111.74,1382.63,62.26,96.14,1
M0865,70.27,1.86,103.68,1452.88,45.59,16.12,0
M0866,82.85,5.29,109.5,1361.72,51.18,89.18,1
M0867,56.55,2.94,104.06,1454.25,36.4,44.65,0
M0868,56.19,1.3,100.02,1456.62,43.68,42.73,0
M0869,73.4,1.51,105.21,1468.48,39.57,9.54,0
M0870,98.84,7.82,112.17,1364.45,57.51,90.5,1
M0871,66.4,1.25,102.63,1451.4,37.82,14.58,0
M0872,73.03,2.34,105.79,1459.87,37.78,30.21,0
M0873,62.33,2.47,101.52,1545.77,37.35,22.74,0
M0874,59.29,1.57,98.9,1548.46,36.61,10.52,0
M0875,70.25,2.76,102.46,1454.06,39.27,10.79,0
M0876,67.01,1.78,105.81,1494.4,42.2,19.53,0
M0877,83.78,4.74,118.09,1392.81,60.19,71.28,1
M0878,89.83,4.87,113.26,1409.27,51.28,70.02,1
M0879,66.81,1.25,105.4,1547.79,35.84,53.76,0
M0880,66.9,3.48,98.98,1533.81,44.43,18.93,0
M0881,66.64,1.68,104.32,1514.38,40.2,28.79,0
M0882,63.09,2.21,100.23,1526.8,36.4,17.53,0
M0883,67.57,1.34,98.8,1455.29,35.89,38.91,0
M0884,87.65,6.88,109.83,1405.98,51.45,67.68,1
M0885,70.35,2.98,99.62,1516.21,41.37,18.08,0
M0886,72.19,2.37,105.62,1453.16,40.6,50.75,0
M0887,61.29,1.94,101.68,1453.29,42.24,48.02,0
M0888,69.12,2.23,99.08,1521.57,41.34,10.47,0
M0889,68.2,2.71,102.58,1497.59,46.11,30.33,0
M0890,64.89,3.43,102.94,1485.28,47.71,21.02,0
M0891,55.9,3.09,100.79,1524.21,35.35,49.57,0
M0892,56.95,1.86,100.86,1485.13,43.6,17.38,0
M0893,66.85,3.28,98.52,1480.49,39.39,5.99,0
M0894,64.22,3.16,102.54,1540.14,38.47,39.8,0
M0895,74.72,1.94,101.12,1507.25,45.51,10.0,0
M0896,61.72,2.26,104.12,1483.95,42.99,23.17,0
M0897,64.94,3.12,104.3,1534.04,41.97,19.37,0
M0898,74.92,2.01,99.81,1524.29,36.2,47.21,0
M0899,61.74,1.17,104.41,1497.53,37.73,44.78,0
M0900,61.04,3.01,101.46,1503.99,37.6,25.12,0
M0901,64.06,2.91,99.44,1451.86,44.14,48.14,0
M0902,59.26,3.41,103.94,1496.73,47.18,31.64,0
M0903,70.38,2.08,102.53,1512.68,41.79,23.21,0
M0904,58.01,2.71,100.4,1493.54,39.14,46.51,0
M0905,59.07,2.03,104.59,1514.6,38.33,35.06,0
M0906,57.27,1.48,99.96,1532.72,41.03,32.99,0
M0907,67.94,1.09,99.27,1463.64,38.36,45.18,0
M0908,58.52,3.13,105.71,1498.58,35.26,47.98,0
M0909,67.03,3.17,105.2,1490.7,39.72,37.87,0
M0910,73.86,2.81,99.12,1461.19,44.55,51.65,0
M0911,71.58,3.37,105.45,1475.18,46.5,16.9,0
M0912,71.13,1.82,102.67,1489.0,44.73,16.8,0
M0913,57.89,1.44,105.76,1493.95,38.31,34.47,0
M0914,62.49,3.37,100.53,1492.38,43.88,53.17,0
M0915,98.74,5.77,116.59,1423.92,50.32,98.84,1
M0916,71.83,2.66,105.53,1519.07,45.25,16.98,0
M0917,61.19,3.4,100.9,1531.23,36.59,48.35,0
M0918,87.77,7.68,112.72,1438.02,53.83,68.16,1
M0919,84.71,5.24,118.68,1432.43,59.47,95.78,1
M0920,63.13,1.08,104.93,1532.32,47.23,28.55,0
M0921,71.82,2.79,105.01,1532.02,45.72,39.92,0
M0922,62.04,2.51,104.51,1523.78,40.89,6.37,0
M0923,67.83,2.58,104.33,1463.61,40.21,36.41,0
M0924,56.64,1.39,102.13,1546.97,45.8,43.16,0
M0925,93.72,7.27,111.83,1393.05,61.03,74.12,1
M0926,71.54,3.0,99.59,1491.45,37.36,48.82,0
M0927,97.69,5.29,119.38,1433.08,59.71,86.93,1
M0928,99.48,5.19,116.42,1365.19,56.02,80.01,1
M0929,56.78,1.92,105.58,1461.74,44.34,26.76,0
M0930,89.07,6.86,109.42,1414.22,52.86,95.17,1
M0931,60.76,2.24,99.04,1535.63,42.8,54.76,0
M0932,68.54,2.05,101.27,1464.59,38.77,18.09,0
M0933,73.15,1.92,103.47,1495.82,35.13,11.66,0
M0934,68.86,2.72,103.71,1520.85,44.57,17.81,0
M0935,56.18,1.83,99.88,1540.82,47.96,51.97,0
M0936,91.96,7.12,108.55,1372.83,59.29,75.59,1
M0937,62.42,3.42,102.48,1508.05,38.38,30.19,0
M0938,97.56,4.96,111.81,1397.74,52.13,69.09,1
M0939,57.56,3.18,104.68,1524.78,47.04,19.15,0
M0940,92.26,7.17,111.17,1378.17,63.39,76.04,1
M0941,95.27,5.03,118.24,1409.17,61.97,66.86,1
M0942,59.6,1.09,100.08,1520.6,40.67,54.76,0
M0943,80.82,5.75,116.51,1393.67,57.39,94.6,1
M0944,82.47,4.83,118.42,1366.26,52.52,82.81,1
M0945,72.82,2.46,102.67,1547.16,41.84,33.54,0
M0946,56.54,2.92,103.42,1538.74,35.34,39.07,0
M0947,62.88,2.48,105.61,1533.7,37.0,9.05,0
M0948,93.19,6.09,119.46,1403.48,50.09,98.94,1
M0949,74.02,1.81,103.85,1523.43,47.45,33.46,0
M0950,55.97,2.61,100.59,1455.55,35.92,52.6,0
M0951,62.98,1.45,105.72,1536.55,36.16,47.62,0
M0952,70.59,1.71,104.02,1515.41,36.57,29.54,0
M0953,71.13,1.78,103.48,1463.13,43.65,46.6,0
M0954,64.79,3.21,101.81,1506.31,40.5,42.82,0
M0955,92.28,6.02,113.11,1353.64,55.13,81.22,1
M0956,68.72,1.39,101.96,1512.96,41.82,19.54,0
M0957,73.14,2.19,99.19,1462.78,46.74,47.08,0
M0958,60.91,1.12,98.61,1454.51,36.4,26.25,0
M0959,68.22,2.42,100.03,1475.49,36.06,30.17,0
M0960,68.23,1.45,99.46,1489.3,36.08,48.84,0
M0961,66.74,2.14,103.36,1512.38,38.45,53.34,0
M0962,83.74,5.15,116.96,1404.36,63.07,68.72,1
M0963,55.12,1.29,99.37,1497.71,43.99,48.44,0
M0964,92.04,6.2,115.42,1437.65,55.41,88.58,1
M0965,62.9,1.76,99.0,1451.39,36.45,5.79,0
M0966,97.18,5.23,115.78,1408.48,56.54,86.91,1
M0967,58.82,1.75,101.71,1497.4,35.28,13.31,0
M0968,69.05,3.41,101.77,1535.98,42.61,15.07,0
M0969,71.68,1.13,98.06,1513.04,44.27,53.97,0
M0970,94.74,6.59,114.65,1376.17,57.31,82.01,1
M0971,67.23,2.7,104.53,1498.79,44.29,31.42,0
M0972,61.32,1.16,105.14,1491.71,41.15,29.74,0
M0973,86.94,6.94,108.25,1375.92,52.88,77.03,1
M0974,59.39,3.27,100.71,1510.21,45.95,37.85,0
M0975,60.87,2.78,105.68,1533.31,43.75,41.73,0
M0976,71.0,3.11,102.97,1478.25,44.74,38.35,0
M0977,58.99,2.51,98.81,1491.6,47.92,20.18,0
M0978,55.94,1.05,105.05,1485.7,37.06,46.4,0
M0979,80.64,4.72,113.17,1405.58,51.81,72.84,1
M0980,61.81,1.89,98.37,1537.77,38.48,12.56,0
M0981,65.31,2.67,103.65,1542.66,40.69,27.86,0
M0982,82.22,4.87,115.33,1420.39,64.21,93.83,1
M0983,57.11,2.57,104.97,1541.1,37.04,19.61,0
M0984,65.12,2.83,98.79,1514.71,39.35,11.89,0
M0985,88.78,5.96,117.23,1372.08,62.14,76.95,1
M0986,56.7,1.93,104.04,1486.06,43.64,12.58,0
M0987,63.43,1.57,104.41,1491.34,40.32,27.94,0
M0988,95.89,5.77,108.36,1363.1,50.15,93.22,1
M0989,81.7,5.6,119.78,1364.79,50.92,91.57,1
M0990,67.83,3.26,98.46,1513.16,44.27,38.02,0
M0991,60.91,2.01,103.45,1505.36,38.96,42.13,0
M0992,80.16,5.48,114.33,1432.84,60.5,80.62,1
M0993,65.89,2.97,103.22,1519.75,46.54,44.08,0
M0994,58.95,1.75,98.3,1483.45,44.43,42.0,0
M0995,74.84,1.71,98.74,1505.18,41.78,42.85,0
M0996,55.56,2.99,102.74,1474.13,45.06,41.33,0
M0997,82.21,4.71,112.48,1406.43,55.32,66.67,1
M0998,57.49,1.74,103.89,1495.31,47.78,45.27,0
M0999,91.31,7.63,115.53,1398.0,58.93,77.26,1
M1000,70.7,2.79,103.38,1521.44,41.76,17.38,0
